"word","definition"
"N"," Tarehintsoratra fahatelo ambin'ny folo ary renisoratra fahafolo amin'ny abidy malagasy."
"N'Lapa"," a,: Amponga tsangana fampiasan'ny faritany andrefana amin'ny lanonam-be: hoditra tokana ihany no eo amin'ny vavany toy ny laona ary fantsika hazo no mitana ny hoditra eo amin'ny vatany. (Tsy miala eo an-dapa izy na vita aza ny lanonana — Romy no anarany any amin'ny Betsileo)."
"N'Lapabe"," a.: Toy ny n'lapa ihany fa ngeza sady mavesatra, misy tongony vita sokitra ary tsy dia afindra toerana loatra;isan'ny amponga masina tsy mba fampiasa amin'ny lanonana sasany."
"N."," na N-: Teny mpampiankina enti-milaza tompon-javatra na mpanao ny asan'ny matoantenin'ny iharana, atovana amin'ny teny tsy miafara amin'ny ka, tra, na, ka toy izao izany: atovana amin'ny anarana milaza ny zavatra ananana ny n' na n-(tran on' olona, akanjon-jaza) na amin'ny mt. ih. (ataon' olona, vitan-jaza)."
"Na"," Teny mpampitohy. • Enti-milaza zavatra roa azo ifidianana: Fidio izay tianao na ny vola na ny voninahitra. • Enti-milaza olona, zavatra, toe-javatra daholobe tsy ankanavaka: Tonga tao daholo na lehilahy na vehivauy na antitra na tanora na kely na lehibe."
"Na"," ppk.: Heverina ho niavian' ny n' na n- ihany, izay ilazana tompon-javatra, saingy tsy fampiasa intsony ankehitriny afa-tsy: 1) raha milaza vidin-javatra: Vomanga-na volafolo; 2) amin'ny filazana izay olona nikendrena zavatra iray: Trano-na miaramila; 3) amin'ny filazana mpanao asan'ny iharana raha tsy voafaritra io mpanao asa io: Vita-na Malagasy."
"Na"," Kianteny atao eo alohan' ny anarana iray, izay entimanazava anarana hafa voalaza eo aloha: Dia indro Antananariuo na ilay Analamanga fahiny."
"Na... aza"," Na dia... aza ppt. feh.: Izay mampiditra fehezan-kevitra enti-milaza na fiaikena fa tsy araka ny tokony ho izy ny toe-javatra: Horaisiko ihany ny fangatahanao na (dia) efa tratra aoriana aza, na fanekena ny fisian'ny toe-javatra iray: Na maro aza ny uoninkazo, mbola ny raozy ihany no tiako,"
"Na... na...",": Teny miverin-droa enti-manao mpamaritra anarana mpisolo anarana, na mpamaritra matoanteny malala-kevitra: Na iza na iza, na zouy na zovy, na inona na lnona, na aiza na aiza, na oui-ana na ouiana."
"Nahandoza"," mt.: Loza ho ahy: Nahandoza raha nanao izany aho."
"Nahandro"," a.: Teny ilazana ny hanina rehetra natao teo ambony afo — na nandrahoina — mba ho masaka: Dia naroson'ny tompon-trano ny nahandro. • Fanatitra omena olona, izay natao handrahoina: Indreto izahay mitondra nahandro kely ho anareo, tompoko, ondry iray, akoho dimy, ary mangahazo iray harona."
"Nahim-po"," Sitraka, sitrapo: Samy manana ny nahim-pony ny olombelona. • An-tsitrapo: Nomelohin'ny fitsarana izy satria nahim-pony no nanaouany ilay heloka uitan y."
"Nahoana"," p. rat.: Enti-manontany 1) Ny antony mahatonga zavatra iray: Nahoana no tsy mety maty ny fanahy? 2) Ny antony anaovan-javatra iray: Nahoana no tsy niteny ianao raha nanontanian' ny mpampianatra?"
"Nahoda"," (Ski) a.: Rangahy."
"Nahona"," na Nahonahona p. t.: Tsy kinga, tsy mailaka rehefa manao zavatra; sady votsa no tsy mahay tsara. - t.i.f.: Minahonahona."
"Nahy"," p. t. na mt. ih.: Atao antsitrapo, atao fanahy iniana: Hadisoana tsy nahy./Aza fady raha uoahitsako ianao, fa tsy nahiko velively."
"Naikanaika"," a.: Fanaovana andranandrana tsy tokony ha-tao; fanaovan-javatra aminkasahiana be loatra, fanaovana mosalahy; hambohambo tsy misy fiheverana amin'ny faniniana ny hafa. * t.i.f. : Anaikanaika, naikanaikana, tafanaikanaika / minaikanaika, finaikanaika, mpinaikanaika / inaikanaikana, finaikanaikana / mahanaikanaika."
"Naikanaikaina"," (naikanaika) mt. ih. (naikanaikao):Atao aminkasahian-doatra."
"Nainaina"," ft.: Feo mitaraindraina na mitolokoloko toy ny ataon'ny alika voakapoka. • Feo mireondreona be. * t.i.f.: Minainaina, finainaina, mpinainaina / inainainana. finainainana."
"Naitrara"," (angl. nitre) a.: Tenanjavatra ao anatin'ny asidra iray, fampiasa hanaovana zezika tsara fa manome azoty ny zavamaniry."
"Nakanaka"," a.: Jer. Naikanaika."
"Nala"," a.: Karazana vahy misy poizina."
"Nalo"," (Ski) p.t.: Enti-milaza ny lehilahy tsy misy volombava na somotra na vaoka."
"Nama"," (Btl) a.: Sakaiza, namana."
"Namana"," a.: Olona miara-dava amin'ny tena noho ny fifankahazoan-tsaina sy fitoviantoetra: Namana tsy mahafoy an-dRabe Rakoto. • h.i.: Ny olona manodidina anao na ny olombelona hafa rehetra: Tiauo ny namanao tahaka ny tenanao. • Enti-milaza ny iray amin'ireo zavatra mandeha roa lalandava, na lomisy: Ny kofehy no naman'ny fanjaitraa/ Tsy hitako ny nalehan'ny naman'ity kiraro ity. • Mitovy, azo alahatra amy..., azo heverina ho toy ny...: Ny manafina zauatr' olona, hono, naman'ny mangalatra. / Tonga tsy miarahaba naman'ny tezitra, lasa tsy manao ueloma naman'ny sosotra (fiten.)"
"Namba"," p. mt.: Mitovy amin'ny Kinamba."
"Namonamona"," a.: Teny entimilaza ny vava mitsakotsako sady miteny na mihirahira. - t.i.f.: Namonamonina, tafanamonamona / minamonamona, finamonamona, mpinamonamona / inamonamonana, finamonamonana."
"Namonamonina"," (namonamona) mt. ih. (namonamony): Tsakoina eo am-pitenenana na eo am-pihirana."
"Nana"," a.: Tsiranorano vonivony mivoaka avy amin'ny fery efa simba elaela ka mandoaka. -  F.-p.: Mamoro-nana: mandeha nana, mivoaka nana."
"Nanahary"," a.: Teny mitovy amin'ny hoe Zanahary ihany, fa ny N sy Z nifanolo toerana toy ny hita indraindray: ohatra amin'ny hoe ""Naotra"" sy ""Zaotra"" (izay nahazoana ny zao-dahy, zao-bavy). -  F.-p.: Vita-Nanahary: tsy namboarin -tanan' olombelona fa vita nataon'Andriamanitra avy hatrany, voa-Janahary."
"nanambatra","Jereo [tambatra] Ahitsio"
"Nananana"," a.: Antsoantso mafy, dradradradra. - t.i.f. : nanananaina, anananana, tafanananana 1 minananana, finananana, mpinananana / mahanananana."
"Nanananaina"," (nananana) mt. ih. (nanananao): Antsoina mafy mikiakiaka."
"Nananjo"," a.: Karazan-kazo madinika (uernonia)."
"nandrandraina","Nantenaina, jereo [miandrandra] Ahitsio"
"Nanga"," (Ski) a.: Vatofantsika."
"Nangy"," na Mangy a.: Fivontosana — izay tsy aretina akory fa efa toe-tena mihitsy — eo amin'ny faritra ambanin' ny sofina: Mauesabesatra izany no fijery ny olona be nangy. • h.i.: Ny faritra eo anelanelan'ny takolaka sy ny ravintsofina ambany: Nisy bibikely nanaikitra azy teo amin'ny nanginy. -  F.-p.: Manginy fotsiny: ambiny fotsiny: Mafy no nahazo ahy fa mora loatra no nahalasanan'ny olona ny akoho namidiko; ny havizanako nitondra azy tany an-tsena amin'izany manginy fotsiny."
"Nantsana"," na Nantsanantsana a.: Feo mikarantsan-javamaneno, toy ny lakolosy, ny kipantsona; feo mimenomenona somary mikiakiaka amimpahatezerana. - t.i.f.: Nantsanantsanina, anantsanantsana / minantsanantsana, finantsanantsana, mpinantsanantsana / inantsanantsanana, finantsanantsanana."
"Nantsanantsanina"," (nantsanantsana) mt. ih. (nantsanantsano): Ampanenoina."
"Nantsonantsona"," a.: Habasiambavan'olona miteny haingana momba itsy fakofakonjavatra rehetra itsy. - t.i.f.: Nantsonantsonina 1 minantsonantsona, finantsonantsona, mpinantsonantsona / inantsonantsonana, fi. nantsonantsonana / mahanantsonantsona. ¶ M.h.: Nentsonentsona, vatsavatsa, taria, karijo, tsaotsaombava, kamentsona, pentsompentsona."
"Nantsonantsonina"," (nantsonantsona) mt, ih. (nantsonantsony): Ilazana ny zavatra mahabasivava, pentsompentsonina:Inona no nantsonantsonin'iny uehivauy iny tao amin'ny fiuoriana?"
"Nany"," Inany p. mt.: Injay, enti-manondro olona efa nandrasana ka re any ho any ny feony alohan'ny hisehoany."
"Nany"," na Nanimbovo a.: Ilay zavatra boribory kitsoloha eo amin'ny vavan'ny vovo, natao mba hahazoan'ny trondro miditra tsara ao anatiny. ¶ M. h.: Tanam-bovo."
"Nao"," s.o.: Jer. Inao. -Nao, -Ao s.o.: Mpisolo anarana fanao tovana entina misolo ny olona iresahana raha tokana: Sasao ny Iohanao sy ny tongotrao. / Rahouiana no ho vitanao ity raharaha ity?"
"Naomba"," (angl. number) a.: Teny enti-milaza filaharana a= min'ny zavatra maro tanisai-na; nomerao na laharana fa-ha- no fampiasa sy fiteny ankehitriny."
"Naonaona"," a. : Antsoantson'olona na biby toa mitaraindraina mitomany mafy. * t.i.f. : Tafanaonaona / minaonaona, finaonaona, mpinaonaona / inaonaonana, finaonaonana / mahanaonaona."
"Naotra"," Ranaotra a.: Teny iantsoana ny vadin'ny iray tampo amin'ny tena, zaobavy na zaodahy: Aoka re, ry naotra, hataoko io fa sahirana ianao."
"Naoty"," (fr, note) a.: Isa entimilaza ny fanombanan'ny mpampianatra ny fahaizan' ny mpianatra: Nahazo naoty 14 aho tamin'ny fizika. ? Famantarana fampiasa amin'ny mozika hilazana ny feo sy ny faharetany: Ny naoty do, mi, sol dia tsara miaraka."
"Napake"," (Msk) a.: Firombaka misy faraingo."
"Nara"," a.: Hatsiaka, fahatsiarovana hatsiaka. * t.i.f.: Manara, manaranara. ? F.-p.: Saro-nara: sarotin-katsiaka. -Nareo, -Reo: Mpisolo anarana misolo olona fanao tovana, entina misolo ny olona iresahana raha maro: Hoy Rakoto tamin'izy mirahalahy: ""Aiza no misy ny tranonareo, ny vohitrareo?"
"Nato"," a.: Karazan-kazo izay nakan'ny ntaolo loko mena nandokoana lambamena ny hodiny (Imbrecaria madagascariensis). - t.i.f.: Natoina, voanato / manato, fanato, mpanato / anatoana, fanatoana. * Ohab.: Mitondra hodi-nato miantsinanana: mitondra zavatra amin'ny toerana nialany teo aloha ihany (ny nato mantsy avy any an'ala atsinanana ihany)."
"Natoina"," (natal mt. ih. (natoy): Nolokoana tamin'ny hodinato."
"Nave"," (fr. navet) a.: Karazan' anana vazaha mamody fotsy."
"Navoaka","Jereko [voaka], nesorina avy ao anaty, natao any ivelany Ahitsio"
"Nay"," t.p.: Tapaka farany amin'ny teny hoe ""Inay"", enti-milaza nenina amin'ny nanaovana na tsy nanaovana zavatra iray efa lasa, na faniriana manao dia mianotra momba ny toe-javatra efa raikitra: Nay aho tsy nahalala iny olona iny na ouiana na ouiana! ¶ M.h.: Toy izay, tahaka izay. -Nay, -Ay: Mpisolo anarana misolo olona fanao tovana, entin'ny olona maro milaza izay azy na izay ataony, tsy iombonany amin'ny olona iresahany: Tranonay, uohitray. / Aza matahotra ianao fa vitanay telo lahy io."
"Ndao"," na Andao mt.: Teny ampiasaina mba hitaomana ny olona hiara-mandeha amin'ny tena: Andao, ndao hifanala hazakazaka isika, hoy ny sokatra tamin'ny bitrodia der. 'Ndeha)."
"Ndaty"," (Ski) a.: Tovolahy, lehilahy, goana. 'Nde, 'Ndeha na Andeha rat.: 1) Ndeha sy Andeha: a) mampanao asa olona, mitovy amin'ny hoe ""mandehana"": 'Ndeha milalao amin' izay ianareo, rankizy. b) Mitaona olona hiara-hanao asa iray amin'ny tena izay miteny: 'Ndeha hiaalao amin'izay isika, rankizy (tsara homarihina, araka ireo ohatra roa ireo, fa amin'ilay hevitra voalohany (fandidiana), dia atao milaza ny ankehitriny ny matoanteny manaraka ny ""andeha na ndeha"", fa amin'ilay faharoa kosa (fitaomana), atao milaza ny ho avy). 2) Ndeha sy Nde: entina milaza asa na fisehoanjavatra mifanindry amin'ny asa ho avy iray: Ndeha hivoaka (na nde hivoaka) ny trano indrindra aho no nirotsaka ny orana."
"Nday"," Jer. Inday."
"Ndondo"," na Ndondona p. t.: Mandroso anoloana ambo--ny: Ndondon-kandrina iny lehilahy iny. - t.i.f.: Mandondona, fandondona, mpandondona / ndondondondona. -  F.-p.: Vato mandondona: vato mandroso mitatao eo ambony. * Ohab.: Ny antitra hazo amoron-tevana, ny tanora vato mandondona ka tsy fantatra izay ho lasa aloha: na ny antitra na ny tanora, dia mety hindaosin'ny fahafatesana daholo, fa tsy misy hoe ""Iretsy tsy maintsy lasa aloha na irery lasa aoriana""."
"Ndrafanga"," p.i.: Efatra (amin' ilay fiteny fanaon'ny ankizy taloha rehefa mianatra manisa hatramin'ny folo), jer. Ingisa."
"Ndramborake"," (Ski) a.: Anaran-kazandrano. ¶ M.h.: Lemba."
"Ndre"," sy Ndry t.p.: Enti-milaza figagana na fijaliana amam-pahoriana, arakaraka ny angolam-peo ilazana azy: Ndre! mahafinaritra izany ety an-tampon-kavoana! / Ndre! manaintaina ny ratrako izany!"
"Ndrefa"," p. mt.: Jer. Nefa."
"Ndriamihôzono"," na Ramihozono (Tsm) a.: Fomba epti-mibaiko ny olona matory mba hanao izay tiana hampanaovina azy."
"Ndriandita"," (Ski) a.: Anarankazandrano izay heverin'ny Sakalava ho mahatonga loza ho an'izay mahita azy."
"Ndrofilahy"," a.: Fiteny fankaherezana, azo adika hoe: ""aza matahotra, mahereza fo"", fanaon'ny ankizy rehefa mampiady angely."
"Ndry"," sy Ndriako: Mpisolo anarana misolo olona ifampiantsoan'ny samy vehivavy ny namany, mitovy hevitra amin'ny ""ianao"", saingy milaza fifankazarana lehibe: Ho aiza indry rahariva? (jar. In-dry sy indriako)."
"Nefa"," p, mt.: Enti-milaza hevitra mifanohitra amin'ilay voalaza eo aloha: Marary izy nefa tonga ihany. (Tsara homarihina fa manana endrika roa hafa io teny io, izay tsy dia tena mitovy fampiasa aminy: ""anefa"" sy ""kanefa"": anefa, dia fampiasa matetika eo aorian'ny teny voalohany amin'ny tapaky ny fehezanteny faharoa: Marary izy; mahagaga anefa fa tonga ihany; kanefa: fampiasa raha lavalava ilay tapaky ny fehezan-teny faharoa: Marary izy, kanefa mahagaga fa tonga ihany."
"Nehaneha"," a.: Fihetsika sy fiteny feno rehareha (jer. Naikanaika). * t.i.f.: tafanehaneha / minehaneha, finehaneha, mpinehaneha I lnehanehana, finehanehana / mahanehaneha."
"Nemonemona"," a.: Fihaminkaminan'ny olona somary mievotrevotra kely raha mitaingin-tsoavaly na entina ampilanjana. * t.i.f.: Minemonemona, finemonemona, mpinemonemona / inemonemonana, finemonemonana."
"Nendo"," na Nendonendo a.: Toetran'ny zavatra mangirangirana, mandina, mihilontrilona. * t.i.f. : Anendonendo, nendonendoina, voanendonendo / minendonendo, finendonendo, mpinendonendo / mahanendonendo."
"Nendonendoina"," (nendonendo) mt. ih. (nendonendoy): A-tao tonga mangirangirana."
"Nendra"," a.: Aretin-koditra sady mamohehatra no mahafaty haingana: mafana, mangotrakotraka izay voany, dia mipoitra hatina mandoaka sy mangirifiry eran'ny tena. -  F.-p.: Nendra fotsy: karazan'aretina izay mora odiana. / Nendra mainty: karazan'aretina nendra tsy sitrana vetivety ary mamindra. / Nendram-boalauo: bontsimbontsina toy ny mony ary mpahazo ny zaza sady mifindra nefa tsy mahafaty. / Soki-nendra: loadoaka amin'ny tarehy rehefa sitrana ny nendra. / Mamangy nendra: famangiana marary miserana kely dia lasa (tsy mahafaly ny vangiana na ny havan'ny marary izany satria heveriny ho areti-mifindra no mahazo ny marary)."
"Nenibe"," a.: Ny renin'ny ray na ny renin'ny reny niteraka ny tena."
"Nenifara"," a.: Teny fiantsoana ny zandriny indrindra amin' ny rahavavin'ny reny niteraka na ny anabavin'ny ray niteraka."
"Nenina"," a.: Alahelo noho ny ratsy natao, na ny tsara tsy natao, ka nahatonga fahavoazana ho an'ny tena: Neniko ny tsy namaliako ny taratasiny. ? Fibebahana amin'ny hadisoana natao. - t.i.f.: Manenina, fanenina, mpanenina / anenenana, fanenenana / neninenina. -  F.-p.: Nenina be cama: nenina lehibe dia lehibe. / Afa-nenina: nanao izay rehetra azo natao ka tsy manenina intsony aty aoriana. / Ala nenina: fanaovana izay tsy hisian'ny nenina. / Miala nenina: manao izay rehetra azo atao mba tsy hisian'ny nenina. * Ohab.: Ny nenina tsy mba aloha hananatra fa avy aoriana handatsa. Ny nenina tsy mba roahina eo aloha tahaka ny ondry, fa avy manaraka tahaka ny aliaka (mazava ho azy). ¶ M.h.: Mitohy sakay, mitohy fangoka, fay, nahita faisana, mibarara, enjehin'ny fieritreretana, manongo tena, mitomany tena, mandray ny kiho, mitsapa farahatoka, manaiki-molotra, mijery soratr'omby an-tanàna."
"Nenitoa"," a.: Teny fiantsoana ny zokiny indrindra amin'ny rahavavin'ny reny niteraka na ny anabavin'ny ray nateraka."
"Neno"," ft.: Tsy fampiasa irery fa enti-milaza feo re amin'ny fitsofana na fitendrena zavamaneno, hirahiran'ny vorona na feo ataon'ny biby sasany; fitatatatana amin'ny teny na vatsavatsa atao. - t.i.f.: Maneno, faneno, mpaneno / anenoana, fanenoana / nenoneno."
"Nenona"," na Nenonenona a.: Fi- N( menomenonana, fimonomononana, fitenenana arahingonongonona. * t.i.f.: Nenonenona I minenonenona, finenonenona, mpinenonenona / inenonenonana, finenonenonana."
"Nentsonentsona"," a.: Jer. Nantsonantsona."
"Neny"," a.: Teny fiantsoana ny reny niteraka, na miteny azy: Nankany an-tsena i neny, na miteny aminy: Andeha hankaiza ianao, ry neny? ? hi.: Teny enti-manaja ny vehivavy efa lehibebe tokotokony ho renin'ny tena. Teny nakambana: nenibe, nenifara, nenitoa (jer. ireo teny ireo). * Fiten.: Ny voamena zaton' i dada, ny sotro rano tsy tian'i neny: enti-milaza ny fahasahiranana mafy nentin' ny ray sy ny reny amin'ny famelomana, fikarakarana ny zanaka eo amin'ny taona mbola maha-kely azy indrindra."
"Ngadona"," a.: Feon'ny fanoto midoboka ao anaty laona, na ny tongotra mipaika amin' ny tany rehefa mandeha mafy. ? Fahatongavana. * fi, f.: Ngadonina, angadona, voangadona, tafangadona 1 mangadona na manangadona, fangadona na fanangadona, mpangadona na mpanangadona / angadonana na anangadonana / fangadonana na fanangadonana I mingadona, fingadona, mpingadona / angadonana, fingadonana / mahangadona I ngadongadona."
"Ngadona","Ngadona dia fiovaovan' ny feo hoentina miantsa tononkalo iray araky ny fihetseham-po ny mpanoratra  Ahitsio"
"Ngadonina"," (ngadona) mt. ih. (ngadony): Totoina: Nongadoniny mafy ny uary ka torotoro. ? Pehina, velezina amin'ny tongotra: Axa ngadonina toy izany ny rihana sao miletsy."
"Ngaha"," p. mt.: Entina manontany miharo fisalasalana kely: Ngaha hadinonao ny hafatro taminao? ¶ M. h. : Angaha."
"Ngahy"," a.: Mitovy amin'ny Ingahy."
"Ngaly"," p. t.: Mainty mangirangirana; maizina tanteraka. Ngalingaly: mainty manganohano, maizimaizina."
"Ngamba"," p. mt.: Entina milaza fisalasalana amin'ny valinteny; tsy manaiky na mandà fa miroaroa saina. ¶ M.h.: Angamba."
"Nganja"," p. mt.: Fihasimban'ny hoe' Angamba ihany, ary mbola misy endriny hafa: nginamba, nginanja, nginao."
"Ngaosina"," mt. ih.: Mitovy amin' ny Indaosina."
"Ngara"," p.t.: Volondavenona manopy manga, mara mainty (tsy fiteny afa-tsy amin' ny maso ihany): Ngara maso. • t.i.f.: Hangara, fahangara."
"Ngarangidina"," p. nit: Enti-milaza fotoana iray maharitra manontolo: Herinandro nga- rangidina izy tsy nanendry hanina. ¶ M.h.: Tontolo, maninjitra, mipaka, maninjihinjy."
"Ngavoka"," p. t.: Jer. Mavoka."
"Ngazana"," p. t.: Enti-milaza tany maina karakaina ka tsy anirian-javamaniry. 1 h. i.: Tany — tanety na toerana tsy ahitan-tsakafo. - t.i.f.: Hangazana."
"Ngedona"," p.t.: Maloto, mainty (akanjo). - t.i.f.: Ngedonina / manangedona, fanangedona, mpanangedona / anangedonana, fanangedonana 1 mahangedona I ngedongedona."
"Ngedonina"," (ngedona) mt. ih. (ngedony): Lotoina."
"Ngelingely"," p.t.: Mitovy amin' ny Angelingely."
"Ngenja"," p. mt.: Jer. Ngamba."
"Ngenongenona"," a.: Menomen,ona, teny an'orona, ngonongonona noho ny tsy fahafaliana, tsy fahafaham-po. - t.i.f.: Ngenongenonina, tafangenongenona / mingenongenona, fingenongenona, mpingenongenona / ingenongenonana, fingenongenonana / mahangenongenona."
"Ngenongenonina"," (ngenongenona) mt. ih. (ngenongenbny): llazana ny olona izay imenomenonana na izay teny fluai-na an'orona amin'ny fimenomenonana: Aza izaho no ngenongenonina eo. / Inona indray izany ngenongenonin' i Bozy izany."
"Ngerona"," p.t.: Mainty maloto: Ngerona ery izany tanan'ity zaza ity izany ka tokony hosasana. - t.i.f.: Ngeronina, angerona, voangerona 1 manangerona, fanangerona, mpanan•--• gerona / anangeronana, fanangeronana / mahangerona f ngerongerona."
"Ngeronina"," (ngerona) mt. ih. (ngerony): Lotoina: Nongeronin'iza indray àry ity latabatra ity?"
"Ngetroka"," p. t.: Maintin'ny molaly na ny tsikoko, mainty ngizina, mainty atim-bilany. ? h.o.: Manankarem-be: Irenyl olona ngetroka ireny. - t.i.f.: Hangetroka, fahangetroka."
"Ngeza"," na Ngezabe p, t.: Sady lehibe no lava, lehibe dia lehibe: Trano ngezabe. - t.i.f.: Hangeza, fahangeza, hangezana, fahangezana."
"Ngidy"," a.: Tsiro ratsy mampivivy, mifanohitra amin'ny mamy: Omeo vatomamy aho hanalako ny ngidin'ny kininina nohaniko tete. 1 h.o.: Haratsiana mampitondra fahoriana: Mila tsy ho laitrany, hono, ny ngidin'ny fiai-nana. - t.i.f : Mangidy 1 angidiana, fangidiana / mampangidy I ngidingidy 1 hangidy. • F.-p.: Ngidin-koditra: toetra ratsy anananamahatonga ny tena tsy ho tian'ny mpiara-monina, ny tany ama-monina."
"Ngila"," p.t.: Mitovy amin'ny Gila."
"Ngilo"," p.t.: Mainty somary mangirangirana, mamiratra, ohatra ny kiraro verinia mainty. - t.i.f.: Ngiloina, angilo, voangilo / manangilo, fanangilo, mpanangilo J anangiloana, tanangiloana / mahangilo / ngilongilo / hangilo."
"Ngiloina"," (ngilo) mt. ih. (ngiloy): Atao tongangilo."
"Nginamba"," p. mt.: Angamba."
"Ngirina"," na Ngiri-maso p.t.: Manao maso kely toa mikimpikimpy fa tsy mikimpy tanteraka. - t.i.f,: Fahangfxina, hangirina. ¶ M. h:: Hirohiro."
"Ngita"," p.t.: Enti-milaza volo miolokolika sy mihoronkorona kely madinika. - t.i.f.: Ngitaina, voangita I manangita, fanangita, mpanangita / anangitana, fanangitana / mahangita / ngitangita 1 hangita, fahangita, hangitana, fahangitana."
"Ngitaina"," (agita) mt. ih. (ngitao): Atao tonga ngita."
"Ngitangita"," p. t.: Olioly, toa misy fivalombalonany; tsara tarehy: Zazavavy ngitangita endrika izay i Soa."
"Ngitrika"," na Mingitrika p.t. (f t. m.): Miepoka tsy mianatra na miasa."
"Ngizina"," p. t.: Mainty dia mainty, ngilo tanteraka, matetika no ampiarahina amin'ny teny hoe mainty: Mainty ngizina. - t.i.f : Ngizinina, voangizina 1 manangizina, fanangizina, mpanangizina 1 anangizinana, fanangizinana I mahangizina / ngizingizina."
"Ngizinina"," (ngizina) mt ih. (ngizino): Atao tonga ngizina."
"Ngodona"," a.: NY feo mirohondrohon'ny fandeha, ny famindra, ngadona. 1 t.if.: Angodona, ngodonina / mingodona, fingodona, mpingodona / ingodonana, fingodonana / mahangodona/ngodongodona. -* Fiten.: Ny tenin'andriana tsy mba mitsaika fa mingodona: ny kabarin'ny mpanjaka tsy mba heno toy ny bitsibitsika fa manehoeho eran-tany."
"Ngodonina"," (ngodona) mt. ih. (ngodony): Ampanenoina mafy amin'ny firohondrohon'ny fandeha."
"Ngolingoly"," p.t.: Mangatsiaka ka tsy mahare rohana ny te-na. • h.o.: Mahatsiaro hontsahontsa ka toa ankona mihitsy noho ny fihetsehampo: Ngolingoly er? izy nahare ilay feon-kira fanaon'izy ireo niaraka fahiny."
"Ngoly"," p.t.: Tsy mahare rohana ny tena noho ny hatsiaka: Andeha hamindro kely aho fa ngoly izaitsizy ny tanako sy ny tongotro. - t.i.f.: Ngolingoly, mahangolingoly, fahangoly."
"Ngonona"," Ngonongonona a.: Filazana na fanononana teny tsy mazava tsara fa ao am-bava ao fotsiny: Tsy namaly izy fa ngonongonona no nataony sady lasa izy. - t.i.f : Ngonongononina, tafangonongonona / mingonongonona, fingonongonona, mpingonongonona / ingonongononana, fingonongononana."
"Ngonongononina"," (ngonongonona) net. ih. (ngonongonony): Atao na tononina tsy mazava tsara fa ao am-bava fotsiny."
"Ngorodona"," a.: Hava voarary atao fandiavana amin'ny efitra: Rairain-drihana no ipetrahan'ny ngorodona. 1 Ny rodorodon'ny famindran'ny olona na ny biby maro tafara-dia. - t.i.f.: Ngorodonina / mingorodona,	fingorodona, mpingorodona I ingorodonana, fingorodonana / ngorodondrodona."
"Ngorodonina"," (ngorodona) mt. ih. (ngorodôny): (tany) Hitsahina ka mirohondrohona; (an diam-biby) korodosina handeha haingana ka mirodorodo."
"Ngorongosy"," a.: Aretina vokatry ny tsy fandehanan'ny ranonafero amin'ny falehany fa mihanaka eran'ny tena, ka manjary vonivony ny hoditra ary mangidihidy, vonivony ny maso ka pahimpahina ary vonivony hatramin'ny fivalanandrano, nefany fivalanana kosa fotsifotsy vasobasoka."
"Ngoso"," a.: Fianianana mafy enti-milaza fa ho voaozona hiray amin'ny olom-pady raha toa ka tsy marina izay lazaina. i Mingoso, fingoso, mpingoso 1 ingosoana, fingosoana 1 mahangoso 1 ngosongoso."
"Ngotsoka"," p. t.: Fatra-pampiasa hevitra an-kolakolaka mba hamitahana olona; fetsy. ¶ M. h.: Fetsy."
"Ngozo"," na Ngozy a.: Hoditr' omby."
"Nia"," ft.: Fanaovan-javatra antsitrapo tanteraka. - t.i.f.: Niavina, iniana / mi-nia, finia, mpinia / iniavana, finiavana."
"niandry","jereo [andry] : nijanona tsy nihetsika teo fa toy ny hoe hisy olona na zavatra tonga. Oh : niandry anao teo foana aho! Ahitsio"
"Niany"," p. mt.: Anio, androany: Novidiko niany iny."
"Niavina"," (nia) mt. ih. (niavo); na iniana (inio): Atao antsitrapo: Noniavinao, ninianao natao mihitsy izany mba hanorisorena ahy."
"Nifinakanga"," a.: Karazan-iavamaniry mandady (Commelyna madagascariensis)."
"Nifisina"," (nify) mt. ih. (nifiso): Atao tonga manify: Efa nonifisinao ve ilay hazo nolazaiko anao?"
"Nify"," ft.: Tsy fahatevenana. - t.i.f : Nifisina, hanifisina / manify / anifisana, fanifisana mahanify 1 mihamanify / mampanify 1 nifinify / hanify, fahanify 1 hanifisana, fahanifisana."
"Nify"," a.: Taolana madinika mitsatoka amin'ny valanorano ambony sy ambany, natao hitsakoana ny zavatra hanina. — Misy karazany telo ny nify, izay samy manana ny asany manokana avy: ny andrianify mitetika, ny vangy mandrovitra, ary ny vazana mamotipotika. -  Mifo-nify: enti-milaza ny ankizy izay misolo vaovao ny nifiny, eo amin' ny fahafito na fahavalon'ny taonany. / Tsy anify: banga tanteraka. / Nify vao marnaky tan y: enti-milaza ny nifin'ny zaza vao miseho ka mampivonto ny akanjo-nify. / Fotsy nify: mbola tanora. ¶ M.h.: Maitso vo1o. * Fiten,: Maniry nifin'akoho tsy haniry: mitady zavatra tsy ho tanteraka na oviana na oviana. * Ohab.: Bitsibitsiky ny la-va nify, ny lavitra indray no mandre aloha: enti-milaza izay rehetra toa bitsibitsihina, nefa henon'ny olona lavidavitra ny tena ihany. / Nify hanin'ny olitra: ny afaka ihany no odiny: enti-milaza zava-manahirana izay aleo alana haingana na indray mandeha na taikelikely sa-tria tsy maintsy hoesorina ihany ary mampijaly tsy ankijanona. / Nify sy molotra: izay mihenjana ihany no mitsipika aloha: (mitovitovy amin'ny hoe: lohalika sy laferana, izay miantraitraika no vasoka). / Tsy tsara nify anoloana aho ka hitsako alohan'ny vazana: enti-milaza ny tsy tokony hanaovan-javatra alohan'izay ambony na manampahefana noho ny tena. / Miaramila be nify tsy mandalo katsa-maina: entimilaza fa tsy tokony hiaingitraingitra amin'ny sakafo rehefa eo am-panaovana ny fanompoana."
"Nikaragoanina"," (fr. Nicaragua-yen) a.: Ny firenena tompontany any amin'ny tanin'ny Nikaragoay (Amerika afovoany): Miteny espaniola ny Nikaragoanina 1 p.t.: Ny volamena no harena nikaragoanina voalohany."
"Nindry"," (Atk) a.: Reny."
"Nino","Jereo ny [mino] [finoana] Ahitsio"
"Ninoninona"," (inona): Na inona na inona: Tsy mahalala ninoninona amin 'izany aho."
"Nitika"," na Nitinitika p.t.: Maimay hanao zavatra na handeha; dodona sy jefijefy, - t.i.f.: Nltinitihina I minitinitika I initinitihana, finitinitihana."
"Nitinitihina"," (nitinitika) mt. th.: Enti-milaza izay zavatra atao amim-pahamaimaizana sy eboebo."
"Nitinity"," a: Fahatanjahana sy fahamailahana hita amin'ny famindra, fisitisitiana; hambo. i t, i f.: Nitinitina 1 minitinity, finitinity, mpinitinity 1 initinitiana, finitinitiana."
"Njainjay"," p.t.: Manana toetra hafahafa tsy mitovy amin' ny olon-drehetra: Rakoto moa hitanao ihany; njainjay izay izy ka sarotra ifampiraharahana. ¶ M.h.: Zanakalondrano, ha-fa fandry."
"Njay"," t.p.: Fanafohezana ny Injay na Inay, ka mets,: 1) hoenti-milaza fahatongavana na fandrenesana zavatra midona tsy lavitra ny tena: Njay tonga ny fiarakodia mitondra an'i Dada (injay) 2) Hampiseho fanenenana: Njay tsy nahalala an'iny olona iny aho! (inay)"
"Njola"," p.t.: Enti-milaza ny olona mijery amin'ny indra-maso, izany hoe tsy any amin' ilay zavatra jereny no alehan' ny masony: Misy ny njola mitifitra, misy ny mifanaraboamaso. - t.i.f.: Njolaina, anjola, voanjola / manjola, fanjola, mpanjola / anjolana, fanjolana / mahanjola / njolanjola. -  F.-p.: Mifidy maka ny njola: fitenenana ilazana ny olona maimaika na tsy mandinika tsara ka mifidy ny tsy tsara. ¶ M. h.: Gila."
"Njolaina"," (njola) mt. ih. (njolao): Jerena vilana, sompirana: Nonjolainy aho kanefa tsy inona ratsy nataoko azy."
"No"," Teny kely: 1) Enti-mampitohy ny teny lazaina amin' ny teny enti-milaza ka mana-valut azy amin'ny hafa: Ra-koto no sakaizako, (fa tsy Rabe na Ranaivo). 2) Entimanondro mafimafy kokoa ny toerana na fotoana, izay apetraka erY an-dohan'ny fehezanteny: Amin'ny telo no handeha izahay. / Eto no hilasy isika (mafimafy kokoa ny fanondroana ny fotoana sy ny toerana amin'ireo no-ho ny amin'ny hoe: Handeha izahay amin'ny telo. Hilasy eto izahay). 3) Fametraka eo aorian'ny teny entimanontany: Rahoviana no hiverina ny zokinao? / Taiza no nifanena ianareo. 4) Fametraka eo an-doha-fehezanteny mba hoenti-manontany anton-javatra, mitovy amin' ny hoe ""nahoana"": No tsy mamaly ianao kanefa anontaniana? 5) Fanao ao anatin' ny fehezanteny iray izay toa miantso, na mitaky ny antony nahatonga: Izy no nilazana izany, tetika handroboana anao. / Ny handrina no tsy naniry volo, ny henatra. 6) Mifamaly amin'ny sady ka enti-milaza toetra na asa roa miaraka: Sady lehibe no tsara / Sady mifofotra no mively vy. 7) Arahin'ny ""ho"", ka ireo teny roa ireo amin'izay milaza fiaingana sy fiantefana, na ilazana toerana izany na fotoana: Hatreto no ho mianavaratra dia sahan-dRakoto daholo. / Mandoa saran-dalana ny ankizy dimy taona no ho miakatra amin' ny fiarambahoaka."
"Noana"," p.t.: Mahatsiaro foana ny ao an-kibo ka reraka te lilhinan-javatra aoka izany: Tsy nisakafo aho ka noana izaitsizy izany. - t.i.f.: Noanina I mahanoana I hanoanana, fahanoanana / noanoana. -  F.-p.: Mat noana: efa noana izaitsiz~ ka mahatsiaro ny tena toa ho faty. ¶ M.h.: Mosarena, lampana, reraka, mangebaka, tsy mahatsindry tsihy, refona, fotsy tsinay, vava takiky, rebaka, maivan-tsy zaka, mai-molotra, mifezafezaka, miempaempa, mifehy kibo, mitakiky vava, mitanatana vava, mitsako dilana, milelalela ny ambavafo, voan'ny aretimbilany."
"Noanina"," (noana) mt ih. (noany): Atao izay hahatonga noana: Misy marary izay noanina mba hazoto homana."
"Noanoa"," p. mt.: (Tay fampiasa raha tsy miaraka amin'ny teny hoe: tsy bita). Tsy hita noanoa: be dia be, lavitra dia lavitra, lalina dia lalina."
"Noely"," (fr. noël) a.: Fety kristianina fahatsiarovana ny nahaterahan'i Kristy izay ankalazaina amin'ny 25 Desambra. ¶ M. h.: Krismasy."
"Nofinofy"," (nofy) a.: Eritreritra miriorio tsy marim-pototra: Ny nofinofin'ny poety."
"Nofisina"," (nofy) mt ih. (nofiso): Azo nofy: Inona àry no nofisiko halina raha fantatrao?"
"Nofo"," a.: Tenan-javatra misy tsiratsiraka izay mandrakotra ny taolana amin'ny tenan'ny olomtielona sy ny biby: Malemilemy ny nofon' ny zazakely. • Hena: Tsara nofo ny amalona. • h,i.: Ny vatana (miolotra amin'ny fanahy): Malemy ny nofo. 1 Ny faty: Ny nofon'Itompokolahy dia hoentina ao amin' ny eglizin'Ambozontany. 1 t.i.f.: Nofosana, -  F.-p,: Ny filan'ny nofo, ny filan-dratsin'ny nofo: ny fitarihan'ny vatana amin'ny hafaliana tsy voafehin'ny saina amam-panahy ka mampitovy torosy azy amin'ny biby. / Lali-nofo: enti-mllaza ny tany matevina tsy misy vato. / Nofon-tany: ny hatevin'ny tany azo asaina. / Vory nofo: hita ho mahazo aina ka mirongaronga er$ ny nofony. / Modia nofo, modia sandry: firariana ataon'ny trompon-trano amin'ny sakafo arosony ho an'ny vahiny, ka ny heviny dia hoe ""enga anie ka hahasoa sy hahatsara anao iny sakafo vao naroso iny"". / Mahazo no fo: ilazana ny olona nahia na avy narary ka mihavaventy sy matavy. * Ohab. sy fiten.: Nofonkena mitam-pihavanana: fanomezana ifanaovan'ny mpifankatia ka mahatonga ny fihavanana ho mafimafy kokoa. / Nofon-kena mby antanan-tsaka: zavatra lasan' olon-dratsy ka tsy azo antenaina hiverina intsony."
"Nofosana"," (no fo) p. t.: Be nofo, matanjaka:Nofosana io mpanao totohondry io."
"Nofy"," a.: Fahitana mandritra ny torimaso: Nahita an'i Da-da tamin'ny nofy aho. • A-sa toa atao eo am-patoriana: Nofiko niady tamin'ny biby goaibe aho. • Fady: Nofy ahy ny hivadi-belirano. /Hahavanona handatsa-dra olona ve ny raiko? Nofy izany. • Zavatra tsy ho tanteraka:Nofy izany fa aza miantehitra am in' izany. - t.i.f.: Nofisina / manof y na manonofy j fanofy, mpanofy 1 anofisana, fanofisana I nofinofy. -  F.-p.: Nofy antoandro: eritreritra tsy mety ho tanteraka, tsy ho azo tanterahina na oviana na oviana. / Nofy ririnina: nofy mifangaro be ihany, tsy misy lohany sy vodiny, izay heverina ho vokatry ny hatsiaka amin'ny alindririnina."
"Noho"," ppk.: Azon'ny: Reraka izy noho ny ratra nahazo azy. • p, mt.: Teny entina mampitaha zavatra roa ka Ray eo aorianany milaza ny zavatra fototry ny fampitahana: Ilaina noho ny vola-mena ny vy. / Mamy ny akondro noho ny ooasary. • ppt. Teh.: Enti-milaza antony anaovan-javatra, satria: Noho ianao mividy boky betsaka, dia ahenako ny vidin' ny tsirairay."
"nokajiana","Jereo: kajy Ahitsio"
"nomena","Natolotra  Ahitsio"
"Nondaka"," p.t.: Jar. Mondaka na modaka;malemy. - t.i.f.: Minondaka, finondaka, nondanondaka."
"Nongo"," p.t.: Teny enti-milaza rehefa mety ho molo-javatra mivohitra ka mivoaka any ivelany. 1 Vilany tanimanga misy faritra boribory manodidina ny vavany toy ny voalaza etsy ambony, ary kely vava fa be kibo, fahandroana laoka na haninkotrana. -  F.-p.: Nongom-body: ilay faritra mandomba na mandroso amin'ny fitombenana. j Nongom-pe: ilay tampon' ny fe toa mivohitra iny. / Nongon-drambo: ilay faritra miendri-dongona kely eo amin'ny foto-drambon'ny omby."
"Nongonongona"," a.: Tany na zavatra navosa; tany na baingan-tany atao avoavo toa dongona kely hambolem-boangahazo."
"Nongotapaka"," a.: Vilany be va-va ivaiva."
"Nono"," a.: Organa hita eo amin'ny tratran'ny olombelona sy ny biby miteraka, izay iavian'ny ronono amelomany ny zanany raha mbola kely. - t.i.f.: Nonoina, anono, voanono / minono, finono, mpinono I inonoana, finonoana / mahanono / mampinono / ampinonoina / ampinonoana, fampinonoana. -  F.-p.: Lohanono: ny tendron'ny nono. / Vatonono: ny faritra mafonafy izay azo lazaina ho vataben'ny nono. / Paza nono: fohy nono. J Lefi-nono: fomban-jaitran'akanjon'ny vehivavy. / Mampandotso nono: manao izay handehanan'ny ronono betsaka amin'ny nono. / Be minono: ilazana ny zaza efa lehibe ne-fa tsy sarahina, ary anambarana koa ny olona miankindava amin'ny hafa, tsy mahavelon-tena raha tsy ampiana. / Mpinono lehibe: ilazana ny zaza efa lehibe ka mbola te ho zaza ihany. /No-no miely: flvontosan'ny nonon'ny vehivavy mampinono ary tsy azo omena ny zazakely. * Ohab.: Tsy misy mamy ohatra ny zanaka, fa raha manaikitra ny nono akifika (jer. Zanaka)."
"Nonoina"," (nono) mt. ih. (nonoy) : Tsentsefina na trohina mba hisintonana ny ronono."
"Nonoka"," a.: Karazan-kazo iray tarika amin'ny aviavy, izay ampangotrahina ny raviny hanaovana ody fanehitra na hampiasaina amin'ny fampiterahana."
"Nonsiatira"," (fr. nonciature) a: Fonenan'ny masoivohon'ny Papa eo amin'ny firenena iray. (Fiv. kat.)."
"Nonsy"," (fr. nonce) a: Masoivohon'ny Papa Ray Masina eo amin'ny Firenena iray (matetika dia ampiana hoe apostolika io teny io: Nonsy apostolika) (Fiv. kat.)."
"Nony"," ppt. feh.: Rehefa (raha milaza ny lasa ny matoanteny manaraka azy): Nony niamboho Ranavalona reniny, dia nitsoka ny riuo-pahafahana. • Isaky ny (raha milaza ny ankehitriny ny matoanteny manaraka azy): Nony midona ny orana, uelon-tsento i Sahondra mahatsiaro andreniny. ? Tamin'ny (raha milaza ny ho avy ny matoanteny manaraka azy ao anatin'ny tantara): Nony handeha indrindra izahay no avy ny orana."
"Norafetany"," tampoka ny zandriko ka fanina."
"Noro"," a.: Hafaliana, hasambarana. ~ p. t.: Tsara tarehy. 1 t.i f.: Manoro."
"Norvezianina"," (fr. norvégien) a.: Ny firenena monina any amin'ny tanin'i Norvezy. ~ p.t.: Momba an'i Norvezy, an'i Norvezy na avy any Norvezy: Anisan'ny nitory ny filazantsara teto ny misionera norvezianina."
"Nosy"," a.: Tany voahodidin'ny rano, anivon'ny riaka: I Madagasikara no nosy fahatelo amin'ny habeny eran'izao tontolo izao."
"Novambra"," (fr. novembre) a.: Anaran'ny volana fahiraika ambin'ny folo amin'ny taona, misy andro 30.
Azo soratana ihany koa hoe ""Naovambira"""
"Novisia"," (fr. noviciat) a.: Fanomanana ho relijiozy ao amin' ny Fikambanana iray, amin' ny alalan'ny asa, fianarana.,. fa indrindra famolahan-tena, mandritra ny herintaona na roa taona arakaraka ny lalànan'ny fikambanana avy (Fiv. kat.)."
"Ntaolo"," a.: Ny olona taloha, ny razana: Hita ao amin'ny ohabolana ny fahendren'ny ntaolo."
"Ntsaka"," ft.: Fakana rano any am-pantsakana. I t. t. f.: Antsakaina, voantsaka, tafantsaka I mantsaka, fantsaka, mpantsaka ) antsakana, fantsakana ) mahantsaka."
"Ntsika"," na -Tsika s.o.: Mpisolo anarana misolo olona fanao tovana entin'ny olona maro milaza zavatra iombonany amin'ny olona iresahany: Ity no tranontsika, anaka, ka mandrosoa. / Hatao ahoana ireto zanatsika, Rasoa?"
"Ny"," Mpanoritra anarana: 1) enti-manondro zavatra na olona lazaina ankapobe: 1-laina ny vola. / Mendri-tsazy ny mpianatra kamo. 2) Enti-manondro zavatra na olona voafaritra: Omeo ahy ny vola, fa ento ho anao ny lamba. 3) Azo atao indraindray eo alohan'ny anarana sasantsasany iantsoana olona: Aoka re, ny Andriana, mba handeha izy. 4) Azo atao eo alohan'ny teny hala noho ny anarana izay ampiasa+na ho toy ny anarana: Manaova ny marina, Manaja ny ianao fa maniratsira kosa ny ialahy. Sarotra ny mitondra olona. Manembona ny any izy dia malahelo. -Ny s. o.: Mpisolo anarana mi-solo olona fanao tovana entina misolo ny olona tenenina: Fantatro Rakoto, ne-fa tsy mboiahitako ny tranon y. / Tsy azony izany."